timestamp,y_long,y_short,weights
2024-11-16 10:00:00,0,1,1.0666666666666664
2024-11-16 20:00:00,0,1,1.0699999999999998
2024-11-16 21:00:00,0,1,1.0699999999999998
2024-11-16 22:00:00,0,1,1.0699999999999998
2024-11-16 23:00:00,0,1,1.0699999999999998
2024-11-17 00:00:00,0,1,1.0699999999999998
2024-11-17 15:00:00,1,0,1.0733333333333333
2024-11-17 16:00:00,1,0,1.0733333333333333
2024-11-17 17:00:00,1,0,1.0733333333333333
2024-11-17 18:00:00,1,0,1.0733333333333333
2024-11-17 19:00:00,1,0,1.0733333333333333
2024-11-17 20:00:00,1,0,1.0733333333333333
2024-11-18 00:00:00,0,1,1.0733333333333333
2024-11-19 01:00:00,1,0,1.0766666666666667
2024-11-19 02:00:00,1,0,1.0766666666666667
2024-11-19 03:00:00,1,0,1.0766666666666667
2024-11-19 04:00:00,1,0,1.0766666666666667
2024-11-19 12:00:00,1,0,1.08
2024-11-19 14:00:00,1,0,1.08
2024-11-19 15:00:00,1,0,1.08
2024-11-20 10:00:00,0,1,1.08
2024-11-20 11:00:00,0,1,1.08
2024-11-20 12:00:00,0,1,1.0833333333333335
2024-11-20 13:00:00,0,1,1.0833333333333335
2024-11-20 14:00:00,0,1,1.0833333333333335
2024-11-20 15:00:00,0,1,1.0833333333333335
2024-11-20 20:00:00,0,1,1.0833333333333335
2024-11-20 21:00:00,0,1,1.0833333333333335
2024-11-20 22:00:00,0,1,1.0833333333333335
2024-11-20 23:00:00,0,1,1.0833333333333335
2024-11-21 00:00:00,0,1,1.0833333333333335
2024-11-21 01:00:00,0,1,1.0833333333333335
2024-11-21 02:00:00,1,0,1.0833333333333335
2024-11-21 03:00:00,1,0,1.0833333333333335
2024-11-21 09:00:00,1,0,1.0833333333333335
2024-11-21 10:00:00,1,0,1.0833333333333335
2024-11-21 11:00:00,1,0,1.0833333333333335
2024-11-22 09:00:00,0,1,1.0866666666666667
2024-11-22 11:00:00,0,1,1.0866666666666667
2024-11-22 12:00:00,0,1,1.0899999999999999
2024-11-22 14:00:00,0,1,1.0899999999999999
2024-11-22 15:00:00,0,1,1.0899999999999999
2024-11-22 16:00:00,0,1,1.0899999999999999
2024-11-22 21:00:00,1,0,1.0899999999999999
2024-11-22 22:00:00,1,0,1.0899999999999999
2024-11-22 23:00:00,1,0,1.0899999999999999
2024-11-23 00:00:00,1,0,1.0899999999999999
2024-11-23 01:00:00,1,0,1.0899999999999999
2024-11-23 02:00:00,1,0,1.0899999999999999
2024-11-23 14:00:00,0,1,1.0933333333333333
2024-11-24 06:00:00,0,1,1.0933333333333333
2024-11-24 07:00:00,0,1,1.0933333333333333
2024-11-24 10:00:00,1,0,1.0933333333333333
2024-11-24 11:00:00,1,0,1.0933333333333333
2024-11-24 12:00:00,1,0,1.0966666666666667
2024-11-24 13:00:00,1,0,1.0966666666666667
2024-11-24 14:00:00,1,0,1.0966666666666667
2024-11-24 23:00:00,1,0,1.0966666666666667
2024-11-25 00:00:00,1,0,1.0966666666666667
2024-11-25 01:00:00,1,0,1.0966666666666667
2024-11-25 02:00:00,1,0,1.0966666666666667
2024-11-25 03:00:00,1,0,1.0966666666666667
2024-11-25 04:00:00,1,0,1.0966666666666667
2024-11-25 06:00:00,0,1,1.0966666666666667
2024-11-25 07:00:00,0,1,1.0966666666666667
2024-11-25 08:00:00,0,1,1.0966666666666667
2024-11-25 09:00:00,0,1,1.0966666666666667
2024-11-25 10:00:00,0,1,1.0966666666666667
2024-11-27 08:00:00,0,1,1.1033333333333333
2024-11-27 15:00:00,0,1,1.1066666666666665
2024-11-27 16:00:00,1,0,1.1066666666666665
2024-11-27 17:00:00,1,0,1.1066666666666665
2024-11-27 18:00:00,1,0,1.1066666666666665
2024-11-27 19:00:00,1,0,1.1066666666666665
2024-11-27 20:00:00,1,0,1.1066666666666665
2024-11-28 20:00:00,1,0,1.1099999999999999
2024-11-28 21:00:00,1,0,1.1099999999999999
2024-11-28 22:00:00,1,0,1.1099999999999999
2024-11-28 23:00:00,1,0,1.1099999999999999
2024-11-29 00:00:00,1,0,1.1099999999999999
2024-11-29 01:00:00,1,0,1.1099999999999999
2024-11-29 02:00:00,1,0,1.1099999999999999
2024-11-29 03:00:00,1,0,1.1099999999999999
2024-11-29 04:00:00,0,1,1.1099999999999999
2024-11-29 06:00:00,1,0,1.1099999999999999
2024-11-29 07:00:00,1,0,1.1099999999999999
2024-11-29 08:00:00,1,0,1.1099999999999999
2024-11-29 09:00:00,1,0,1.1099999999999999
2024-11-30 20:00:00,0,1,1.1166666666666667
2024-11-30 21:00:00,0,1,1.1166666666666667
2024-11-30 22:00:00,0,1,1.1166666666666667
2024-11-30 23:00:00,0,1,1.1166666666666667
2024-12-01 00:00:00,0,1,1.1166666666666667
2024-12-01 02:00:00,1,0,1.1166666666666667
2024-12-01 03:00:00,1,0,1.1166666666666667
2024-12-01 04:00:00,1,0,1.1166666666666667
2024-12-01 05:00:00,1,0,1.1166666666666667
2024-12-01 06:00:00,1,0,1.1166666666666667
2024-12-01 07:00:00,1,0,1.1166666666666667
2024-12-01 21:00:00,0,1,1.1199999999999999
2024-12-01 22:00:00,0,1,1.1199999999999999
2024-12-02 02:00:00,0,1,1.1199999999999999
2024-12-02 09:00:00,1,0,1.1199999999999999
2024-12-02 10:00:00,1,0,1.1199999999999999
2024-12-02 11:00:00,1,0,1.1199999999999999
2024-12-02 12:00:00,1,0,1.123333333333333
2024-12-02 13:00:00,1,0,1.123333333333333
2024-12-02 14:00:00,1,0,1.123333333333333
2024-12-02 18:00:00,1,0,1.123333333333333
2024-12-02 19:00:00,1,0,1.123333333333333
2024-12-02 20:00:00,1,0,1.123333333333333
2024-12-02 21:00:00,1,0,1.123333333333333
2024-12-02 22:00:00,1,0,1.123333333333333
2024-12-04 12:00:00,0,1,1.13
2024-12-05 06:00:00,1,0,1.13
2024-12-05 07:00:00,1,0,1.13
2024-12-05 08:00:00,1,0,1.13
2024-12-05 09:00:00,1,0,1.13
2024-12-05 10:00:00,1,0,1.13
2024-12-05 11:00:00,1,0,1.13
2024-12-05 12:00:00,1,0,1.1333333333333333
2024-12-05 13:00:00,0,1,1.1333333333333333
2024-12-07 03:00:00,1,0,1.1366666666666667
2024-12-07 04:00:00,1,0,1.1366666666666667
2024-12-07 05:00:00,1,0,1.1366666666666667
2024-12-07 06:00:00,1,0,1.1366666666666667
2024-12-07 13:00:00,1,0,1.1400000000000001
2024-12-07 14:00:00,1,0,1.1400000000000001
2024-12-07 23:00:00,1,0,1.1400000000000001
2024-12-08 00:00:00,1,0,1.1400000000000001
2024-12-08 02:00:00,0,1,1.1400000000000001
2024-12-08 21:00:00,0,1,1.1433333333333333
2024-12-08 22:00:00,0,1,1.1433333333333333
2024-12-08 23:00:00,0,1,1.1433333333333333
2024-12-09 00:00:00,0,1,1.1433333333333333
2024-12-09 03:00:00,0,1,1.1433333333333333
2024-12-09 04:00:00,0,1,1.1433333333333333
2024-12-09 05:00:00,0,1,1.1433333333333333
2024-12-09 06:00:00,0,1,1.1433333333333333
2024-12-09 07:00:00,0,1,1.1433333333333333
2024-12-09 14:00:00,0,1,1.1466666666666665
2024-12-09 15:00:00,0,1,1.1466666666666665
2024-12-09 16:00:00,0,1,1.1466666666666665
2024-12-09 17:00:00,0,1,1.1466666666666665
2024-12-09 18:00:00,0,1,1.1466666666666665
2024-12-09 19:00:00,0,1,1.1466666666666665
2024-12-10 11:00:00,0,1,1.1466666666666665
2024-12-10 12:00:00,0,1,1.15
2024-12-10 13:00:00,0,1,1.15
2024-12-10 14:00:00,0,1,1.15
2024-12-10 17:00:00,1,0,1.15
2024-12-11 06:00:00,1,0,1.15
2024-12-11 07:00:00,1,0,1.15
2024-12-11 09:00:00,1,0,1.15
2024-12-11 10:00:00,1,0,1.15
2024-12-11 11:00:00,1,0,1.15
2024-12-11 12:00:00,1,0,1.1533333333333333
2024-12-11 13:00:00,1,0,1.1533333333333333
2024-12-11 14:00:00,1,0,1.1533333333333333
2024-12-14 06:00:00,0,1,1.16
2024-12-14 07:00:00,0,1,1.16
2024-12-14 08:00:00,0,1,1.16
2024-12-14 09:00:00,0,1,1.16
2024-12-14 10:00:00,0,1,1.16
2024-12-14 11:00:00,0,1,1.16
2024-12-15 06:00:00,1,0,1.163333333333333
2024-12-15 07:00:00,1,0,1.163333333333333
2024-12-15 08:00:00,1,0,1.163333333333333
2024-12-15 10:00:00,1,0,1.163333333333333
2024-12-15 15:00:00,0,1,1.1666666666666665
2024-12-15 16:00:00,0,1,1.1666666666666665
2024-12-15 17:00:00,0,1,1.1666666666666665
2024-12-15 18:00:00,0,1,1.1666666666666665
2024-12-15 19:00:00,0,1,1.1666666666666665
2024-12-15 20:00:00,0,1,1.1666666666666665
2024-12-15 21:00:00,1,0,1.1666666666666665
2024-12-16 00:00:00,0,1,1.1666666666666665
2024-12-16 05:00:00,0,1,1.1666666666666665
2024-12-16 06:00:00,0,1,1.1666666666666665
2024-12-16 07:00:00,0,1,1.1666666666666665
2024-12-16 14:00:00,1,0,1.17
2024-12-16 15:00:00,1,0,1.17
2024-12-16 18:00:00,0,1,1.17
2024-12-16 22:00:00,0,1,1.17
2024-12-17 04:00:00,1,0,1.17
2024-12-17 07:00:00,1,0,1.17
2024-12-17 08:00:00,1,0,1.17
2024-12-17 09:00:00,0,1,1.17
2024-12-17 10:00:00,0,1,1.17
2024-12-17 12:00:00,0,1,1.1733333333333333
2024-12-18 14:00:00,0,1,1.1766666666666667
2024-12-18 15:00:00,0,1,1.1766666666666667
2024-12-18 16:00:00,0,1,1.1766666666666667
2024-12-18 17:00:00,0,1,1.1766666666666667
2024-12-18 18:00:00,0,1,1.1766666666666667
2024-12-18 19:00:00,0,1,1.1766666666666667
2024-12-19 10:00:00,0,1,1.1766666666666667
2024-12-19 11:00:00,0,1,1.1766666666666667
2024-12-19 13:00:00,0,1,1.1800000000000002
2024-12-19 14:00:00,0,1,1.1800000000000002
2024-12-19 15:00:00,0,1,1.1800000000000002
2024-12-19 16:00:00,0,1,1.1800000000000002
2024-12-19 17:00:00,0,1,1.1800000000000002
2024-12-20 02:00:00,0,1,1.1800000000000002
2024-12-20 03:00:00,0,1,1.1800000000000002
2024-12-20 04:00:00,0,1,1.1800000000000002
2024-12-20 05:00:00,0,1,1.1800000000000002
2024-12-20 06:00:00,0,1,1.1800000000000002
2024-12-20 07:00:00,0,1,1.1800000000000002
2024-12-20 11:00:00,1,0,1.1800000000000002
2024-12-20 15:00:00,1,0,1.1833333333333333
2024-12-21 06:00:00,0,1,1.1833333333333333
2024-12-21 07:00:00,0,1,1.1833333333333333
2024-12-21 08:00:00,0,1,1.1833333333333333
2024-12-21 09:00:00,0,1,1.1833333333333333
2024-12-21 10:00:00,0,1,1.1833333333333333
2024-12-21 11:00:00,0,1,1.1833333333333333
2024-12-22 00:00:00,1,0,1.1866666666666665
2024-12-22 01:00:00,1,0,1.1866666666666665
2024-12-22 02:00:00,1,0,1.1866666666666665
2024-12-22 03:00:00,1,0,1.1866666666666665
2024-12-22 04:00:00,1,0,1.1866666666666665
2024-12-22 05:00:00,1,0,1.1866666666666665
2024-12-22 06:00:00,1,0,1.1866666666666665
2024-12-22 07:00:00,1,0,1.1866666666666665
2024-12-22 08:00:00,1,0,1.1866666666666665
2024-12-23 15:00:00,1,0,1.1933333333333334
2024-12-23 18:00:00,1,0,1.1933333333333334
2024-12-24 23:00:00,0,1,1.1966666666666668
2024-12-25 01:00:00,0,1,1.1966666666666668
2024-12-25 02:00:00,0,1,1.1966666666666668
2024-12-25 05:00:00,0,1,1.1966666666666668
2024-12-25 06:00:00,0,1,1.1966666666666668
2024-12-25 23:00:00,0,1,1.2
2024-12-26 01:00:00,0,1,1.2
2024-12-26 02:00:00,0,1,1.2
2024-12-26 03:00:00,0,1,1.2
2024-12-26 04:00:00,0,1,1.2
2024-12-27 07:00:00,1,0,1.2033333333333331
2024-12-27 10:00:00,0,1,1.2033333333333331
2024-12-27 11:00:00,0,1,1.2033333333333331
2024-12-27 12:00:00,0,1,1.2066666666666666
2024-12-28 06:00:00,0,1,1.2066666666666666
2024-12-28 07:00:00,0,1,1.2066666666666666
2024-12-28 08:00:00,0,1,1.2066666666666666
2024-12-28 09:00:00,0,1,1.2066666666666666
2024-12-28 10:00:00,0,1,1.2066666666666666
2024-12-28 11:00:00,0,1,1.2066666666666666
2024-12-28 12:00:00,1,0,1.21
2024-12-29 09:00:00,0,1,1.21
2024-12-29 10:00:00,0,1,1.21
2024-12-29 11:00:00,0,1,1.21
2024-12-29 12:00:00,0,1,1.2133333333333334
2024-12-29 13:00:00,0,1,1.2133333333333334
2024-12-29 14:00:00,0,1,1.2133333333333334
2024-12-29 15:00:00,0,1,1.2133333333333334
2024-12-29 16:00:00,0,1,1.2133333333333334
2024-12-29 17:00:00,0,1,1.2133333333333334
2024-12-29 20:00:00,1,0,1.2133333333333334
2024-12-29 21:00:00,1,0,1.2133333333333334
2024-12-29 22:00:00,1,0,1.2133333333333334
2024-12-29 23:00:00,1,0,1.2133333333333334
2024-12-30 00:00:00,1,0,1.2133333333333334
2024-12-30 01:00:00,1,0,1.2133333333333334
2024-12-30 02:00:00,1,0,1.2133333333333334
2024-12-30 03:00:00,1,0,1.2133333333333334
2024-12-30 05:00:00,1,0,1.2133333333333334
2024-12-31 07:00:00,1,0,1.2166666666666668
2024-12-31 08:00:00,1,0,1.2166666666666668
2024-12-31 09:00:00,1,0,1.2166666666666668
2024-12-31 10:00:00,1,0,1.2166666666666668
2024-12-31 11:00:00,1,0,1.2166666666666668
2024-12-31 12:00:00,1,0,1.22
2024-12-31 18:00:00,1,0,1.22
2024-12-31 19:00:00,1,0,1.22
2024-12-31 20:00:00,1,0,1.22
2024-12-31 21:00:00,1,0,1.22
2024-12-31 22:00:00,1,0,1.22
2024-12-31 23:00:00,1,0,1.22
2025-01-02 03:00:00,1,0,1.2233333333333332
2025-01-02 05:00:00,1,0,1.2233333333333332
2025-01-02 06:00:00,1,0,1.2233333333333332
2025-01-03 08:00:00,1,0,1.2266666666666666
2025-01-03 09:00:00,1,0,1.2266666666666666
2025-01-03 10:00:00,1,0,1.2266666666666666
2025-01-03 11:00:00,1,0,1.2266666666666666
2025-01-03 12:00:00,1,0,1.23
2025-01-03 13:00:00,1,0,1.23
2025-01-03 14:00:00,1,0,1.23
2025-01-03 15:00:00,1,0,1.23
2025-01-04 01:00:00,1,0,1.23
2025-01-04 23:00:00,1,0,1.2333333333333334
2025-01-05 00:00:00,1,0,1.2333333333333334
2025-01-07 04:00:00,1,0,1.24
2025-01-07 05:00:00,1,0,1.24
2025-01-07 06:00:00,1,0,1.24
2025-01-07 07:00:00,1,0,1.24
2025-01-07 08:00:00,0,1,1.24
2025-01-07 09:00:00,0,1,1.24
2025-01-07 10:00:00,0,1,1.24
2025-01-07 11:00:00,0,1,1.24
2025-01-07 12:00:00,0,1,1.2433333333333332
2025-01-07 13:00:00,0,1,1.2433333333333332
2025-01-07 14:00:00,0,1,1.2433333333333332
2025-01-08 05:00:00,0,1,1.2433333333333332
2025-01-08 06:00:00,0,1,1.2433333333333332
2025-01-08 07:00:00,0,1,1.2433333333333332
2025-01-08 08:00:00,0,1,1.2433333333333332
2025-01-08 09:00:00,0,1,1.2433333333333332
2025-01-08 11:00:00,0,1,1.2433333333333332
2025-01-08 12:00:00,0,1,1.2466666666666666
2025-01-08 13:00:00,0,1,1.2466666666666666
2025-01-08 14:00:00,0,1,1.2466666666666666
2025-01-08 15:00:00,0,1,1.2466666666666666
2025-01-09 08:00:00,0,1,1.2466666666666666
2025-01-09 09:00:00,0,1,1.2466666666666666
2025-01-09 10:00:00,0,1,1.2466666666666666
2025-01-09 13:00:00,1,0,1.25
2025-01-10 07:00:00,0,1,1.25
2025-01-10 08:00:00,0,1,1.25
2025-01-10 09:00:00,0,1,1.25
2025-01-10 10:00:00,0,1,1.25
2025-01-10 11:00:00,0,1,1.25
2025-01-10 12:00:00,0,1,1.2533333333333334
2025-01-10 13:00:00,1,0,1.2533333333333334
2025-01-11 15:00:00,1,0,1.2566666666666666
2025-01-11 16:00:00,1,0,1.2566666666666666
2025-01-11 17:00:00,1,0,1.2566666666666666
2025-01-11 18:00:00,1,0,1.2566666666666666
2025-01-11 19:00:00,1,0,1.2566666666666666
2025-01-11 21:00:00,0,1,1.2566666666666666
2025-01-12 08:00:00,1,0,1.2566666666666666
2025-01-12 09:00:00,1,0,1.2566666666666666
2025-01-12 10:00:00,1,0,1.2566666666666666
2025-01-12 11:00:00,1,0,1.2566666666666666
2025-01-12 12:00:00,1,0,1.2599999999999998
2025-01-12 13:00:00,1,0,1.2599999999999998
2025-01-12 14:00:00,1,0,1.2599999999999998
2025-01-13 00:00:00,0,1,1.2599999999999998
2025-01-13 04:00:00,0,1,1.2599999999999998
2025-01-13 05:00:00,0,1,1.2599999999999998
2025-01-13 06:00:00,0,1,1.2599999999999998
2025-01-13 07:00:00,0,1,1.2599999999999998
2025-01-13 08:00:00,0,1,1.2599999999999998
2025-01-13 09:00:00,0,1,1.2599999999999998
2025-01-13 14:00:00,1,0,1.2633333333333332
2025-01-13 15:00:00,1,0,1.2633333333333332
2025-01-13 16:00:00,1,0,1.2633333333333332
2025-01-13 17:00:00,1,0,1.2633333333333332
2025-01-13 18:00:00,1,0,1.2633333333333332
2025-01-13 19:00:00,1,0,1.2633333333333332
2025-01-14 21:00:00,0,1,1.2666666666666666
2025-01-14 22:00:00,0,1,1.2666666666666666
2025-01-14 23:00:00,0,1,1.2666666666666666
2025-01-15 00:00:00,0,1,1.2666666666666666
2025-01-15 01:00:00,0,1,1.2666666666666666
2025-01-15 03:00:00,0,1,1.2666666666666666
2025-01-15 08:00:00,1,0,1.2666666666666666
2025-01-15 09:00:00,1,0,1.2666666666666666
2025-01-15 10:00:00,1,0,1.2666666666666666
2025-01-15 11:00:00,1,0,1.2666666666666666
2025-01-15 12:00:00,1,0,1.27
2025-01-15 13:00:00,1,0,1.27
2025-01-15 14:00:00,1,0,1.27
2025-01-15 15:00:00,1,0,1.27
2025-01-17 02:00:00,1,0,1.2733333333333334
2025-01-17 03:00:00,1,0,1.2733333333333334
2025-01-17 04:00:00,1,0,1.2733333333333334
2025-01-17 05:00:00,1,0,1.2733333333333334
2025-01-17 06:00:00,1,0,1.2733333333333334
2025-01-17 07:00:00,1,0,1.2733333333333334
2025-01-17 21:00:00,0,1,1.2766666666666666
2025-01-17 22:00:00,0,1,1.2766666666666666
2025-01-17 23:00:00,0,1,1.2766666666666666
2025-01-18 00:00:00,0,1,1.2766666666666666
2025-01-18 01:00:00,0,1,1.2766666666666666
2025-01-18 02:00:00,0,1,1.2766666666666666
2025-01-19 02:00:00,0,1,1.2799999999999998
2025-01-19 03:00:00,0,1,1.2799999999999998
2025-01-19 04:00:00,0,1,1.2799999999999998
2025-01-19 05:00:00,0,1,1.2799999999999998
2025-01-19 06:00:00,0,1,1.2799999999999998
2025-01-19 07:00:00,0,1,1.2799999999999998
2025-01-19 08:00:00,0,1,1.2799999999999998
2025-01-19 11:00:00,1,0,1.2799999999999998
2025-01-19 12:00:00,1,0,1.2833333333333332
2025-01-19 13:00:00,1,0,1.2833333333333332
2025-01-19 14:00:00,1,0,1.2833333333333332
2025-01-19 15:00:00,1,0,1.2833333333333332
2025-01-19 16:00:00,1,0,1.2833333333333332
2025-01-19 17:00:00,0,0,1.2833333333333332
2025-01-19 18:00:00,0,1,1.2833333333333332
2025-01-19 19:00:00,0,1,1.2833333333333332
2025-01-19 20:00:00,0,1,1.2833333333333332
2025-01-19 21:00:00,0,1,1.2833333333333332
2025-01-19 22:00:00,0,1,1.2833333333333332
2025-01-19 23:00:00,0,1,1.2833333333333332
2025-01-24 14:00:00,0,1,1.2999999999999998
2025-01-24 16:00:00,0,1,1.2999999999999998
2025-01-24 17:00:00,0,1,1.2999999999999998
2025-01-24 18:00:00,0,1,1.2999999999999998
2025-01-24 19:00:00,0,1,1.2999999999999998
2025-01-24 20:00:00,0,1,1.2999999999999998
2025-01-24 21:00:00,0,1,1.2999999999999998
2025-01-26 10:00:00,1,0,1.3033333333333332
2025-01-26 15:00:00,0,1,1.3066666666666666
2025-01-26 16:00:00,0,1,1.3066666666666666
2025-01-26 17:00:00,0,1,1.3066666666666666
2025-01-26 18:00:00,0,1,1.3066666666666666
2025-01-26 19:00:00,0,1,1.3066666666666666
2025-01-26 20:00:00,0,1,1.3066666666666666
2025-01-26 21:00:00,0,1,1.3066666666666666
2025-01-26 22:00:00,0,1,1.3066666666666666
2025-01-27 16:00:00,1,0,1.31
2025-01-27 17:00:00,1,0,1.31
2025-01-27 18:00:00,1,0,1.31
2025-01-27 19:00:00,1,0,1.31
2025-01-28 14:00:00,0,1,1.3133333333333335
2025-01-28 15:00:00,0,1,1.3133333333333335
2025-01-28 16:00:00,0,1,1.3133333333333335
2025-01-28 17:00:00,0,1,1.3133333333333335
2025-01-28 18:00:00,0,1,1.3133333333333335
2025-01-28 19:00:00,0,1,1.3133333333333335
2025-01-28 20:00:00,0,1,1.3133333333333335
2025-01-28 22:00:00,1,0,1.3133333333333335
2025-01-28 23:00:00,1,0,1.3133333333333335
2025-01-29 00:00:00,1,0,1.3133333333333335
2025-01-31 06:00:00,1,0,1.3199999999999998
2025-01-31 07:00:00,1,0,1.3199999999999998
2025-01-31 08:00:00,1,0,1.3199999999999998
2025-01-31 09:00:00,1,0,1.3199999999999998
2025-01-31 10:00:00,1,0,1.3199999999999998
2025-01-31 11:00:00,1,0,1.3199999999999998
2025-01-31 12:00:00,0,0,1.3233333333333333
2025-01-31 13:00:00,0,1,1.3233333333333333
2025-01-31 15:00:00,0,1,1.3233333333333333
2025-01-31 16:00:00,0,1,1.3233333333333333
2025-02-01 03:00:00,0,1,1.3233333333333333
2025-02-01 04:00:00,0,1,1.3233333333333333
2025-02-01 05:00:00,0,1,1.3233333333333333
2025-02-01 06:00:00,0,1,1.3233333333333333
2025-02-01 07:00:00,0,1,1.3233333333333333
2025-02-01 12:00:00,0,1,1.3266666666666667
2025-02-01 13:00:00,0,1,1.3266666666666667
2025-02-01 14:00:00,0,1,1.3266666666666667
2025-02-01 15:00:00,0,1,1.3266666666666667
2025-02-01 16:00:00,0,1,1.3266666666666667
2025-02-01 17:00:00,0,1,1.3266666666666667
2025-02-01 18:00:00,0,1,1.3266666666666667
2025-02-01 19:00:00,0,1,1.3266666666666667
2025-02-01 20:00:00,0,1,1.3266666666666667
2025-02-02 10:00:00,0,1,1.3266666666666667
2025-02-02 11:00:00,0,1,1.3266666666666667
2025-02-02 12:00:00,0,1,1.33
2025-02-02 13:00:00,0,1,1.33
2025-02-02 14:00:00,0,1,1.33
2025-02-02 15:00:00,0,1,1.33
2025-02-02 16:00:00,0,1,1.33
2025-02-02 19:00:00,0,1,1.33
2025-02-02 20:00:00,0,1,1.33
2025-02-02 21:00:00,0,1,1.33
2025-02-02 22:00:00,0,1,1.33
2025-02-02 23:00:00,0,1,1.33
2025-02-03 00:00:00,0,1,1.33
2025-02-03 02:00:00,1,0,1.33
2025-02-03 03:00:00,1,0,1.33
2025-02-03 04:00:00,1,0,1.33
2025-02-03 23:00:00,0,1,1.3333333333333333
2025-02-04 00:00:00,0,1,1.3333333333333333
2025-02-04 01:00:00,0,1,1.3333333333333333
2025-02-04 02:00:00,0,1,1.3333333333333333
2025-02-04 03:00:00,0,1,1.3333333333333333
2025-02-04 09:00:00,1,0,1.3333333333333333
2025-02-04 21:00:00,1,0,1.3366666666666664
2025-02-04 22:00:00,1,0,1.3366666666666664
2025-02-06 06:00:00,0,1,1.3399999999999999
2025-02-06 09:00:00,0,1,1.3399999999999999
2025-02-06 10:00:00,0,1,1.3399999999999999
2025-02-06 11:00:00,0,1,1.3399999999999999
2025-02-06 13:00:00,0,1,1.3433333333333333
2025-02-07 11:00:00,0,0,1.3433333333333333
2025-02-07 12:00:00,0,0,1.3466666666666667
2025-02-07 13:00:00,0,1,1.3466666666666667
2025-02-07 14:00:00,0,1,1.3466666666666667
2025-02-07 15:00:00,0,1,1.3466666666666667
2025-02-07 16:00:00,0,1,1.3466666666666667
2025-02-07 17:00:00,0,1,1.3466666666666667
2025-02-07 18:00:00,0,1,1.3466666666666667
2025-02-08 07:00:00,1,0,1.3466666666666667
2025-02-08 08:00:00,1,0,1.3466666666666667
2025-02-08 09:00:00,1,0,1.3466666666666667
2025-02-08 10:00:00,1,0,1.3466666666666667
2025-02-08 11:00:00,1,0,1.3466666666666667
2025-02-08 12:00:00,1,0,1.35
2025-02-09 15:00:00,0,1,1.3533333333333333
2025-02-09 16:00:00,0,1,1.3533333333333333
2025-02-09 17:00:00,0,1,1.3533333333333333
2025-02-09 18:00:00,0,1,1.3533333333333333
2025-02-09 19:00:00,0,1,1.3533333333333333
2025-02-09 20:00:00,0,1,1.3533333333333333
2025-02-09 21:00:00,1,0,1.3533333333333333
2025-02-10 00:00:00,0,1,1.3533333333333333
2025-02-11 03:00:00,1,0,1.3566666666666665
2025-02-11 05:00:00,0,1,1.3566666666666665
2025-02-11 06:00:00,0,1,1.3566666666666665
2025-02-11 07:00:00,0,1,1.3566666666666665
2025-02-11 08:00:00,0,1,1.3566666666666665
2025-02-11 09:00:00,0,1,1.3566666666666665
2025-02-11 10:00:00,0,1,1.3566666666666665
2025-02-11 11:00:00,0,1,1.3566666666666665
2025-02-11 12:00:00,0,1,1.3599999999999999
2025-02-12 20:00:00,1,0,1.3633333333333333
2025-02-12 21:00:00,1,0,1.3633333333333333
2025-02-14 03:00:00,1,0,1.3666666666666667
2025-02-14 04:00:00,1,0,1.3666666666666667
2025-02-14 05:00:00,1,0,1.3666666666666667
2025-02-14 06:00:00,1,0,1.3666666666666667
2025-02-14 07:00:00,1,0,1.3666666666666667
2025-02-14 08:00:00,1,0,1.3666666666666667
2025-02-14 09:00:00,1,0,1.3666666666666667
2025-02-14 11:00:00,1,0,1.3666666666666667
2025-02-14 12:00:00,1,0,1.37
2025-02-14 13:00:00,1,0,1.37
2025-02-14 14:00:00,1,0,1.37
2025-02-14 15:00:00,1,0,1.37
2025-02-15 08:00:00,0,1,1.37
2025-02-17 11:00:00,0,1,1.3766666666666665
2025-02-17 12:00:00,0,1,1.38
2025-02-17 13:00:00,0,1,1.38
2025-02-17 14:00:00,0,1,1.38
2025-02-17 18:00:00,1,0,1.38
2025-02-18 02:00:00,0,1,1.38
2025-02-18 09:00:00,0,1,1.38
2025-02-18 10:00:00,0,1,1.38
2025-02-18 11:00:00,0,1,1.38
2025-02-18 12:00:00,0,1,1.3833333333333333
2025-02-18 13:00:00,0,1,1.3833333333333333
2025-02-18 14:00:00,0,1,1.3833333333333333
2025-02-18 16:00:00,1,0,1.3833333333333333
2025-02-19 10:00:00,0,1,1.3833333333333333
2025-02-20 11:00:00,0,1,1.3866666666666667
2025-02-21 02:00:00,1,0,1.3900000000000001
2025-02-21 03:00:00,1,0,1.3900000000000001
2025-02-21 04:00:00,1,0,1.3900000000000001
2025-02-21 05:00:00,1,0,1.3900000000000001
2025-02-21 06:00:00,1,0,1.3900000000000001
2025-02-21 07:00:00,1,0,1.3900000000000001
2025-02-21 08:00:00,1,0,1.3900000000000001
2025-02-21 09:00:00,1,0,1.3900000000000001
2025-02-21 12:00:00,0,1,1.3933333333333333
2025-02-21 13:00:00,0,1,1.3933333333333333
2025-02-21 14:00:00,0,1,1.3933333333333333
2025-02-22 01:00:00,1,0,1.3933333333333333
2025-02-22 02:00:00,1,0,1.3933333333333333
2025-02-22 03:00:00,1,0,1.3933333333333333
2025-02-22 04:00:00,1,0,1.3933333333333333
2025-02-22 05:00:00,1,0,1.3933333333333333
2025-02-22 06:00:00,1,0,1.3933333333333333
2025-02-22 09:00:00,1,0,1.3933333333333333
2025-02-22 10:00:00,1,0,1.3933333333333333
2025-02-22 11:00:00,1,0,1.3933333333333333
2025-02-22 12:00:00,1,0,1.3966666666666665
2025-02-22 13:00:00,1,0,1.3966666666666665
2025-02-22 14:00:00,1,0,1.3966666666666665
2025-02-22 15:00:00,1,0,1.3966666666666665
2025-02-22 16:00:00,1,0,1.3966666666666665
2025-02-22 17:00:00,1,0,1.3966666666666665
2025-02-22 18:00:00,1,0,1.3966666666666665
2025-02-22 19:00:00,1,0,1.3966666666666665
2025-02-22 20:00:00,1,0,1.3966666666666665
2025-02-22 21:00:00,0,1,1.3966666666666665
2025-02-22 22:00:00,0,1,1.3966666666666665
2025-02-24 00:00:00,0,1,1.4
2025-02-24 03:00:00,0,1,1.4
2025-02-24 04:00:00,0,1,1.4
2025-02-24 16:00:00,0,1,1.4033333333333333
2025-02-24 17:00:00,0,1,1.4033333333333333
2025-02-24 18:00:00,0,1,1.4033333333333333
2025-02-24 19:00:00,0,1,1.4033333333333333
2025-02-24 20:00:00,0,1,1.4033333333333333
2025-02-24 21:00:00,0,1,1.4033333333333333
2025-02-25 06:00:00,1,0,1.4033333333333333
2025-02-25 07:00:00,1,0,1.4033333333333333
2025-02-25 08:00:00,1,0,1.4033333333333333
2025-02-25 09:00:00,1,0,1.4033333333333333
2025-02-25 10:00:00,1,0,1.4033333333333333
2025-02-25 11:00:00,1,0,1.4033333333333333
2025-02-25 12:00:00,1,0,1.4066666666666667
2025-02-26 09:00:00,1,0,1.4066666666666667
2025-02-26 10:00:00,1,0,1.4066666666666667
2025-02-26 11:00:00,1,0,1.4066666666666667
2025-02-26 12:00:00,1,0,1.41
2025-02-26 13:00:00,1,0,1.41
2025-02-26 14:00:00,1,0,1.41
2025-02-27 10:00:00,0,1,1.41
2025-02-27 11:00:00,0,1,1.41
2025-02-27 12:00:00,0,1,1.4133333333333333
2025-02-28 03:00:00,1,0,1.4133333333333333
2025-02-28 04:00:00,1,0,1.4133333333333333
2025-02-28 07:00:00,1,0,1.4133333333333333
2025-02-28 08:00:00,1,0,1.4133333333333333
2025-02-28 09:00:00,1,0,1.4133333333333333
2025-02-28 10:00:00,1,0,1.4133333333333333
2025-02-28 11:00:00,1,0,1.4133333333333333
2025-02-28 12:00:00,1,0,1.4166666666666665
2025-02-28 13:00:00,1,0,1.4166666666666665
2025-02-28 14:00:00,1,0,1.4166666666666665
2025-02-28 15:00:00,1,0,1.4166666666666665
2025-02-28 16:00:00,1,0,1.4166666666666665
2025-02-28 17:00:00,1,0,1.4166666666666665
2025-02-28 18:00:00,0,1,1.4166666666666665
2025-02-28 19:00:00,0,0,1.4166666666666665
2025-02-28 20:00:00,0,1,1.4166666666666665
2025-02-28 21:00:00,0,1,1.4166666666666665
2025-03-02 02:00:00,1,0,1.42
2025-03-02 03:00:00,1,0,1.42
2025-03-02 04:00:00,1,0,1.42
2025-03-02 05:00:00,1,0,1.42
2025-03-02 06:00:00,1,0,1.42
2025-03-03 01:00:00,0,1,1.4233333333333333
2025-03-03 20:00:00,0,1,1.4266666666666667
2025-03-04 00:00:00,0,1,1.4266666666666667
2025-03-04 02:00:00,1,0,1.4266666666666667
2025-03-04 04:00:00,1,0,1.4266666666666667
2025-03-04 05:00:00,1,0,1.4266666666666667
2025-03-04 06:00:00,1,0,1.4266666666666667
2025-03-04 07:00:00,1,0,1.4266666666666667
2025-03-04 09:00:00,1,0,1.4266666666666667
2025-03-06 19:00:00,1,0,1.4366666666666665
2025-03-06 20:00:00,1,0,1.4366666666666665
2025-03-08 05:00:00,0,1,1.44
2025-03-08 06:00:00,0,1,1.44
2025-03-08 07:00:00,0,1,1.44
2025-03-08 08:00:00,0,1,1.44
2025-03-08 09:00:00,0,1,1.44
2025-03-08 10:00:00,0,1,1.44
2025-03-08 11:00:00,1,0,1.44
2025-03-09 03:00:00,0,1,1.4433333333333334
2025-03-09 06:00:00,0,1,1.4433333333333334
2025-03-09 07:00:00,0,1,1.4433333333333334
2025-03-09 08:00:00,0,1,1.4433333333333334
2025-03-09 09:00:00,0,1,1.4433333333333334
2025-03-09 10:00:00,0,1,1.4433333333333334
2025-03-09 11:00:00,0,1,1.4433333333333334
2025-03-09 12:00:00,0,1,1.4466666666666668
2025-03-09 13:00:00,0,1,1.4466666666666668
2025-03-09 14:00:00,0,1,1.4466666666666668
2025-03-09 18:00:00,1,0,1.4466666666666668
2025-03-09 19:00:00,1,0,1.4466666666666668
2025-03-09 20:00:00,1,0,1.4466666666666668
2025-03-09 21:00:00,1,0,1.4466666666666668
2025-03-09 22:00:00,1,0,1.4466666666666668
2025-03-10 12:00:00,0,1,1.45
2025-03-13 06:00:00,1,0,1.4566666666666666
2025-03-13 10:00:00,1,0,1.4566666666666666
2025-03-13 11:00:00,1,0,1.4566666666666666
2025-03-14 07:00:00,1,0,1.46
2025-03-14 08:00:00,1,0,1.46
2025-03-14 09:00:00,1,0,1.46
2025-03-14 10:00:00,1,0,1.46
2025-03-14 11:00:00,1,0,1.46
2025-03-14 12:00:00,1,0,1.4633333333333334
2025-03-14 13:00:00,1,0,1.4633333333333334
2025-03-14 14:00:00,1,0,1.4633333333333334
2025-03-16 06:00:00,0,1,1.4666666666666668
2025-03-16 07:00:00,0,1,1.4666666666666668
2025-03-16 08:00:00,0,1,1.4666666666666668
2025-03-16 09:00:00,0,1,1.4666666666666668
2025-03-16 10:00:00,0,1,1.4666666666666668
2025-03-16 11:00:00,0,1,1.4666666666666668
2025-03-17 22:00:00,0,1,1.4733333333333332
2025-03-17 23:00:00,0,1,1.4733333333333332
2025-03-18 00:00:00,0,1,1.4733333333333332
2025-03-18 20:00:00,1,0,1.4766666666666666
2025-03-18 21:00:00,1,0,1.4766666666666666
2025-03-19 17:00:00,1,0,1.48
2025-03-21 01:00:00,0,1,1.4833333333333334
2025-03-21 03:00:00,0,1,1.4833333333333334
2025-03-21 04:00:00,0,1,1.4833333333333334
2025-03-21 05:00:00,0,1,1.4833333333333334
2025-03-21 06:00:00,0,1,1.4833333333333334
2025-03-21 07:00:00,0,1,1.4833333333333334
2025-03-21 10:00:00,1,0,1.4833333333333334
2025-03-21 11:00:00,1,0,1.4833333333333334
2025-03-21 12:00:00,1,0,1.4866666666666666
2025-03-21 21:00:00,1,0,1.4866666666666666
2025-03-21 22:00:00,1,0,1.4866666666666666
2025-03-21 23:00:00,1,0,1.4866666666666666
2025-03-22 00:00:00,1,0,1.4866666666666666
2025-03-22 01:00:00,1,0,1.4866666666666666
2025-03-22 02:00:00,1,0,1.4866666666666666
2025-03-22 05:00:00,1,0,1.4866666666666666
2025-03-23 03:00:00,1,0,1.49
2025-03-23 04:00:00,1,0,1.49
2025-03-23 05:00:00,1,0,1.49
2025-03-23 06:00:00,1,0,1.49
2025-03-23 07:00:00,1,0,1.49
2025-03-23 08:00:00,1,0,1.49
2025-03-23 09:00:00,1,0,1.49
2025-03-23 10:00:00,1,0,1.49
2025-03-24 10:00:00,0,1,1.4933333333333332
2025-03-25 11:00:00,1,0,1.4966666666666666
2025-03-25 12:00:00,1,0,1.5
2025-03-25 13:00:00,1,0,1.5
2025-03-25 17:00:00,0,1,1.5
2025-03-27 23:00:00,0,1,1.5066666666666666
2025-03-28 00:00:00,0,1,1.5066666666666666
2025-03-28 01:00:00,0,1,1.5066666666666666
2025-03-28 02:00:00,0,1,1.5066666666666666
2025-03-28 03:00:00,0,1,1.5066666666666666
2025-03-28 04:00:00,0,1,1.5066666666666666
2025-03-28 11:00:00,0,1,1.5066666666666666
2025-03-29 01:00:00,0,1,1.51
2025-03-29 03:00:00,0,1,1.51
2025-03-29 22:00:00,1,0,1.5133333333333334
2025-03-30 00:00:00,1,0,1.5133333333333334
2025-03-30 01:00:00,1,0,1.5133333333333334
2025-03-30 02:00:00,1,0,1.5133333333333334
2025-03-30 03:00:00,1,0,1.5133333333333334
2025-03-30 04:00:00,1,0,1.5133333333333334
2025-03-30 05:00:00,1,0,1.5133333333333334
2025-03-30 06:00:00,1,0,1.5133333333333334
2025-03-30 08:00:00,0,1,1.5133333333333334
2025-03-30 11:00:00,0,1,1.5133333333333334
2025-03-30 12:00:00,0,1,1.5166666666666666
2025-03-31 07:00:00,1,0,1.5166666666666666
2025-03-31 08:00:00,1,0,1.5166666666666666
2025-03-31 09:00:00,1,0,1.5166666666666666
2025-04-01 04:00:00,0,1,1.52
2025-04-01 05:00:00,0,1,1.52
2025-04-01 06:00:00,0,1,1.52
2025-04-01 07:00:00,0,1,1.52
2025-04-01 08:00:00,0,1,1.52
2025-04-01 09:00:00,0,1,1.52
2025-04-01 19:00:00,0,1,1.5233333333333334
2025-04-01 20:00:00,0,1,1.5233333333333334
2025-04-01 21:00:00,0,1,1.5233333333333334
2025-04-02 06:00:00,1,0,1.5233333333333334
2025-04-02 16:00:00,0,1,1.5266666666666666
2025-04-02 17:00:00,0,1,1.5266666666666666
2025-04-02 18:00:00,0,1,1.5266666666666666
2025-04-02 19:00:00,0,1,1.5266666666666666
2025-04-03 16:00:00,1,0,1.53
2025-04-03 17:00:00,1,0,1.53
2025-04-04 05:00:00,0,1,1.53
2025-04-04 08:00:00,0,1,1.53
2025-04-04 11:00:00,1,0,1.53
2025-04-05 09:00:00,0,1,1.5333333333333332
2025-04-06 02:00:00,0,1,1.5366666666666666
2025-04-06 05:00:00,0,1,1.5366666666666666
2025-04-06 07:00:00,0,1,1.5366666666666666
2025-04-06 08:00:00,0,1,1.5366666666666666
2025-04-06 09:00:00,0,1,1.5366666666666666
2025-04-06 10:00:00,0,1,1.5366666666666666
2025-04-06 11:00:00,0,1,1.5366666666666666
2025-04-06 12:00:00,0,1,1.54
2025-04-06 13:00:00,0,1,1.54
2025-04-06 14:00:00,0,1,1.54
2025-04-06 15:00:00,0,1,1.54
2025-04-06 16:00:00,0,1,1.54
2025-04-06 17:00:00,0,1,1.54
2025-04-07 06:00:00,1,0,1.54
2025-04-08 11:00:00,0,1,1.5433333333333334
2025-04-08 13:00:00,0,1,1.5466666666666666
2025-04-08 18:00:00,0,1,1.5466666666666666
2025-04-08 21:00:00,0,1,1.5466666666666666
2025-04-09 02:00:00,1,0,1.5466666666666666
2025-04-09 03:00:00,1,0,1.5466666666666666
2025-04-09 04:00:00,1,0,1.5466666666666666
2025-04-09 11:00:00,1,0,1.5466666666666666
2025-04-09 12:00:00,1,0,1.55
2025-04-09 13:00:00,1,0,1.55
2025-04-09 14:00:00,1,0,1.55
2025-04-09 15:00:00,1,0,1.55
2025-04-09 16:00:00,1,0,1.55
2025-04-10 02:00:00,0,1,1.55
2025-04-10 09:00:00,0,1,1.55
2025-04-10 14:00:00,0,1,1.5533333333333332
2025-04-11 11:00:00,1,0,1.5533333333333332
2025-04-11 12:00:00,1,0,1.5566666666666666
2025-04-11 20:00:00,0,1,1.5566666666666666
2025-04-12 02:00:00,1,0,1.5566666666666666
2025-04-12 03:00:00,1,0,1.5566666666666666
2025-04-12 04:00:00,1,0,1.5566666666666666
2025-04-12 05:00:00,1,0,1.5566666666666666
2025-04-12 06:00:00,1,0,1.5566666666666666
2025-04-12 07:00:00,1,0,1.5566666666666666
2025-04-12 08:00:00,0,1,1.5566666666666666
2025-04-12 10:00:00,1,0,1.5566666666666666
2025-04-13 08:00:00,0,1,1.56
2025-04-13 09:00:00,0,1,1.56
2025-04-13 10:00:00,0,1,1.56
2025-04-13 11:00:00,0,1,1.56
2025-04-13 12:00:00,0,0,1.5633333333333335
2025-04-13 13:00:00,1,0,1.5633333333333335
2025-04-13 14:00:00,1,0,1.5633333333333335
2025-04-13 17:00:00,0,1,1.5633333333333335
2025-04-13 18:00:00,0,1,1.5633333333333335
2025-04-13 19:00:00,0,1,1.5633333333333335
2025-04-13 22:00:00,1,0,1.5633333333333335
2025-04-14 10:00:00,0,1,1.5633333333333335
2025-04-14 11:00:00,0,1,1.5633333333333335
2025-04-14 12:00:00,0,1,1.5666666666666667
2025-04-14 14:00:00,0,1,1.5666666666666667
2025-04-16 06:00:00,0,1,1.57
2025-04-17 02:00:00,1,0,1.5733333333333333
2025-04-17 11:00:00,0,1,1.5733333333333333
2025-04-17 14:00:00,1,0,1.5766666666666667
2025-04-18 03:00:00,1,0,1.5766666666666667
2025-04-18 17:00:00,0,1,1.58
2025-04-19 16:00:00,1,0,1.5833333333333333
2025-04-19 19:00:00,1,0,1.5833333333333333
2025-04-19 20:00:00,1,0,1.5833333333333333
2025-04-19 21:00:00,1,0,1.5833333333333333
2025-04-19 22:00:00,1,0,1.5833333333333333
2025-04-19 23:00:00,1,0,1.5833333333333333
2025-04-20 00:00:00,1,0,1.5833333333333333
2025-04-20 06:00:00,0,1,1.5833333333333333
2025-04-21 11:00:00,1,0,1.5866666666666667
2025-04-21 14:00:00,0,1,1.59
2025-04-22 01:00:00,0,1,1.59
2025-04-22 06:00:00,1,0,1.59
2025-04-22 08:00:00,1,0,1.59
2025-04-22 09:00:00,1,0,1.59
2025-04-22 10:00:00,1,0,1.59
2025-04-22 11:00:00,1,0,1.59
2025-04-22 16:00:00,1,0,1.5933333333333333
2025-04-22 17:00:00,1,0,1.5933333333333333
2025-04-22 18:00:00,1,0,1.5933333333333333
2025-04-22 19:00:00,1,0,1.5933333333333333
2025-04-22 20:00:00,1,0,1.5933333333333333
2025-04-22 21:00:00,1,0,1.5933333333333333
2025-04-22 22:00:00,1,0,1.5933333333333333
2025-04-22 23:00:00,1,0,1.5933333333333333
2025-04-23 00:00:00,1,0,1.5933333333333333
2025-04-23 01:00:00,1,0,1.5933333333333333
2025-04-23 10:00:00,1,0,1.5933333333333333
2025-04-23 11:00:00,1,0,1.5933333333333333
2025-04-23 12:00:00,1,0,1.5966666666666667
2025-04-23 13:00:00,1,0,1.5966666666666667
2025-04-23 14:00:00,1,0,1.5966666666666667
2025-04-23 15:00:00,1,0,1.5966666666666667
2025-04-25 00:00:00,1,0,1.6
2025-04-25 01:00:00,1,0,1.6
2025-04-25 02:00:00,1,0,1.6
2025-04-25 03:00:00,1,0,1.6
2025-04-25 04:00:00,1,0,1.6
2025-04-25 05:00:00,1,0,1.6
2025-04-25 19:00:00,1,0,1.6033333333333333
2025-04-25 20:00:00,1,0,1.6033333333333333
2025-04-25 21:00:00,1,0,1.6033333333333333
2025-04-25 22:00:00,1,0,1.6033333333333333
2025-04-25 23:00:00,1,0,1.6033333333333333
2025-04-26 00:00:00,1,0,1.6033333333333333
2025-04-26 23:00:00,0,1,1.6066666666666667
2025-04-27 19:00:00,0,1,1.6099999999999999
2025-04-27 21:00:00,0,1,1.6099999999999999
2025-04-27 23:00:00,0,0,1.6099999999999999
2025-04-28 00:00:00,1,0,1.6099999999999999
2025-04-28 01:00:00,1,0,1.6099999999999999
2025-04-28 02:00:00,1,0,1.6099999999999999
2025-04-28 03:00:00,1,0,1.6099999999999999
2025-04-28 04:00:00,1,0,1.6099999999999999
2025-04-28 05:00:00,1,0,1.6099999999999999
2025-04-28 06:00:00,1,0,1.6099999999999999
2025-04-28 07:00:00,1,0,1.6099999999999999
2025-04-28 09:00:00,0,0,1.6099999999999999
2025-04-28 10:00:00,0,1,1.6099999999999999
2025-04-28 11:00:00,0,1,1.6099999999999999
2025-04-29 07:00:00,0,1,1.6133333333333333
2025-04-29 08:00:00,0,1,1.6133333333333333
2025-04-30 03:00:00,1,0,1.6166666666666667
2025-04-30 07:00:00,0,1,1.6166666666666667
2025-04-30 08:00:00,0,1,1.6166666666666667
2025-04-30 09:00:00,0,1,1.6166666666666667
2025-04-30 10:00:00,0,1,1.6166666666666667
2025-04-30 11:00:00,0,1,1.6166666666666667
2025-04-30 18:00:00,1,0,1.62
2025-04-30 19:00:00,1,0,1.62
2025-04-30 20:00:00,1,0,1.62
2025-04-30 21:00:00,1,0,1.62
2025-04-30 22:00:00,1,0,1.62
2025-05-02 14:00:00,1,0,1.6266666666666667
2025-05-02 15:00:00,1,0,1.6266666666666667
2025-05-02 16:00:00,1,0,1.6266666666666667
2025-05-02 17:00:00,1,0,1.6266666666666667
2025-05-02 18:00:00,1,0,1.6266666666666667
2025-05-02 19:00:00,1,0,1.6266666666666667
2025-05-03 03:00:00,0,1,1.6266666666666667
2025-05-03 04:00:00,0,1,1.6266666666666667
2025-05-03 05:00:00,0,1,1.6266666666666667
2025-05-03 10:00:00,1,0,1.6266666666666667
2025-05-03 11:00:00,1,0,1.6266666666666667
2025-05-03 12:00:00,0,1,1.63
2025-05-03 15:00:00,0,1,1.63
2025-05-05 01:00:00,1,0,1.6333333333333333
2025-05-06 05:00:00,0,1,1.6366666666666667
2025-05-06 06:00:00,0,1,1.6366666666666667
2025-05-06 07:00:00,0,1,1.6366666666666667
2025-05-06 20:00:00,1,0,1.64
2025-05-06 21:00:00,1,0,1.64
2025-05-07 16:00:00,1,0,1.6433333333333333
2025-05-07 18:00:00,1,0,1.6433333333333333
2025-05-07 19:00:00,1,0,1.6433333333333333
2025-05-07 20:00:00,1,0,1.6433333333333333
2025-05-07 21:00:00,1,0,1.6433333333333333
2025-05-07 22:00:00,1,0,1.6433333333333333
2025-05-07 23:00:00,1,0,1.6433333333333333
2025-05-08 01:00:00,1,0,1.6433333333333333
2025-05-08 02:00:00,1,0,1.6433333333333333
2025-05-08 03:00:00,1,0,1.6433333333333333
2025-05-08 04:00:00,1,0,1.6433333333333333
2025-05-08 05:00:00,1,0,1.6433333333333333
2025-05-08 07:00:00,1,0,1.6433333333333333
2025-05-08 09:00:00,1,0,1.6433333333333333
2025-05-08 10:00:00,1,0,1.6433333333333333
2025-05-08 11:00:00,1,0,1.6433333333333333
2025-05-08 12:00:00,1,0,1.6466666666666667
2025-05-08 13:00:00,1,0,1.6466666666666667
2025-05-08 14:00:00,1,0,1.6466666666666667
2025-05-08 15:00:00,1,0,1.6466666666666667
2025-05-08 17:00:00,1,0,1.6466666666666667
2025-05-08 18:00:00,1,0,1.6466666666666667
2025-05-08 19:00:00,1,0,1.6466666666666667
2025-05-08 20:00:00,1,0,1.6466666666666667
2025-05-08 21:00:00,1,0,1.6466666666666667
2025-05-08 22:00:00,1,0,1.6466666666666667
2025-05-08 23:00:00,1,0,1.6466666666666667
2025-05-09 00:00:00,1,0,1.6466666666666667
2025-05-09 01:00:00,1,0,1.6466666666666667
2025-05-09 02:00:00,1,0,1.6466666666666667
2025-05-09 04:00:00,1,0,1.6466666666666667
2025-05-09 07:00:00,1,0,1.6466666666666667
2025-05-09 08:00:00,1,0,1.6466666666666667
2025-05-09 09:00:00,1,0,1.6466666666666667
2025-05-09 10:00:00,1,0,1.6466666666666667
2025-05-09 11:00:00,1,0,1.6466666666666667
2025-05-09 12:00:00,1,0,1.65
2025-05-09 14:00:00,1,0,1.65
2025-05-09 15:00:00,1,0,1.65
2025-05-09 16:00:00,1,0,1.65
2025-05-09 17:00:00,1,0,1.65
2025-05-09 18:00:00,1,0,1.65
2025-05-09 19:00:00,1,0,1.65
2025-05-10 22:00:00,1,0,1.6533333333333333
2025-05-11 02:00:00,1,0,1.6533333333333333
2025-05-11 05:00:00,1,0,1.6533333333333333
2025-05-11 06:00:00,1,0,1.6533333333333333
2025-05-11 07:00:00,1,0,1.6533333333333333
2025-05-11 08:00:00,1,0,1.6533333333333333
2025-05-11 09:00:00,1,0,1.6533333333333333
2025-05-11 10:00:00,1,0,1.6533333333333333
2025-05-13 02:00:00,1,0,1.66
2025-05-13 03:00:00,1,0,1.66
2025-05-13 04:00:00,1,0,1.66
2025-05-13 05:00:00,1,0,1.66
2025-05-13 06:00:00,1,0,1.66
2025-05-13 08:00:00,1,0,1.66
2025-05-14 06:00:00,0,1,1.6633333333333333
2025-05-14 07:00:00,0,1,1.6633333333333333
2025-05-14 11:00:00,0,1,1.6633333333333333
2025-05-15 01:00:00,0,1,1.6666666666666665
2025-05-15 02:00:00,0,1,1.6666666666666665
2025-05-15 03:00:00,0,1,1.6666666666666665
2025-05-15 04:00:00,0,1,1.6666666666666665
2025-05-15 05:00:00,0,1,1.6666666666666665
2025-05-15 08:00:00,0,1,1.6666666666666665
2025-05-16 08:00:00,1,0,1.67
2025-05-16 13:00:00,0,1,1.6733333333333333
2025-05-16 19:00:00,0,1,1.6733333333333333
2025-05-17 04:00:00,0,1,1.6733333333333333
2025-05-17 08:00:00,1,0,1.6733333333333333
2025-05-17 23:00:00,1,0,1.6766666666666667
2025-05-18 00:00:00,1,0,1.6766666666666667
2025-05-18 01:00:00,1,0,1.6766666666666667
2025-05-18 02:00:00,1,0,1.6766666666666667
2025-05-18 03:00:00,1,0,1.6766666666666667
2025-05-18 04:00:00,1,0,1.6766666666666667
2025-05-18 15:00:00,0,1,1.68
2025-05-18 16:00:00,0,1,1.68
2025-05-18 23:00:00,0,1,1.68
2025-05-19 12:00:00,1,0,1.6833333333333333
2025-05-20 18:00:00,1,0,1.6866666666666665
2025-05-21 10:00:00,1,0,1.6866666666666665
2025-05-21 11:00:00,1,0,1.6866666666666665
2025-05-21 12:00:00,1,0,1.69
2025-05-22 18:00:00,1,0,1.6933333333333334
2025-05-22 19:00:00,1,0,1.6933333333333334
2025-05-22 20:00:00,1,0,1.6933333333333334
2025-05-22 21:00:00,1,0,1.6933333333333334
2025-05-22 22:00:00,1,0,1.6933333333333334
2025-05-22 23:00:00,1,0,1.6933333333333334
2025-05-23 01:00:00,0,1,1.6933333333333334
2025-05-23 02:00:00,0,1,1.6933333333333334
2025-05-23 03:00:00,0,1,1.6933333333333334
2025-05-23 07:00:00,0,1,1.6933333333333334
2025-05-23 08:00:00,0,1,1.6933333333333334
2025-05-23 09:00:00,0,1,1.6933333333333334
2025-05-23 10:00:00,0,1,1.6933333333333334
2025-05-25 04:00:00,0,1,1.7
2025-05-25 05:00:00,0,1,1.7
2025-05-25 06:00:00,0,1,1.7
2025-05-25 16:00:00,1,0,1.7033333333333334
2025-05-25 17:00:00,1,0,1.7033333333333334
2025-05-25 18:00:00,1,0,1.7033333333333334
2025-05-25 19:00:00,1,0,1.7033333333333334
2025-05-25 20:00:00,1,0,1.7033333333333334
2025-05-25 21:00:00,1,0,1.7033333333333334
2025-05-26 07:00:00,0,1,1.7033333333333334
2025-05-26 12:00:00,0,1,1.7066666666666666
2025-05-27 07:00:00,1,0,1.7066666666666666
2025-05-27 09:00:00,1,0,1.7066666666666666
2025-05-27 10:00:00,1,0,1.7066666666666666
2025-05-27 11:00:00,1,0,1.7066666666666666
2025-05-27 12:00:00,1,0,1.71
2025-05-28 00:00:00,0,1,1.71
2025-05-28 12:00:00,0,1,1.7133333333333334
2025-05-28 18:00:00,1,0,1.7133333333333334
2025-05-28 19:00:00,1,0,1.7133333333333334
2025-05-28 20:00:00,1,0,1.7133333333333334
2025-05-28 21:00:00,1,0,1.7133333333333334
2025-05-28 22:00:00,1,0,1.7133333333333334
2025-05-28 23:00:00,1,0,1.7133333333333334
2025-05-29 09:00:00,0,1,1.7133333333333334
2025-05-29 10:00:00,0,1,1.7133333333333334
2025-05-29 11:00:00,0,1,1.7133333333333334
2025-05-29 18:00:00,0,1,1.7166666666666666
2025-05-29 19:00:00,0,1,1.7166666666666666
2025-05-29 20:00:00,0,1,1.7166666666666666
2025-05-29 21:00:00,0,1,1.7166666666666666
2025-05-29 22:00:00,0,1,1.7166666666666666
2025-05-29 23:00:00,0,1,1.7166666666666666
2025-05-30 03:00:00,0,1,1.7166666666666666
2025-05-30 04:00:00,0,1,1.7166666666666666
2025-05-30 11:00:00,0,1,1.7166666666666666
2025-05-30 18:00:00,0,1,1.72
2025-05-30 19:00:00,0,1,1.72
2025-05-30 20:00:00,0,1,1.72
2025-05-30 21:00:00,0,1,1.72
2025-05-31 11:00:00,1,0,1.72
2025-06-01 09:00:00,1,0,1.7233333333333334
2025-06-01 23:00:00,0,1,1.7266666666666666
2025-06-02 06:00:00,0,1,1.7266666666666666
2025-06-02 15:00:00,1,0,1.73
2025-06-02 16:00:00,1,0,1.73
2025-06-02 17:00:00,1,0,1.73
2025-06-02 18:00:00,1,0,1.73
2025-06-02 19:00:00,1,0,1.73
2025-06-02 20:00:00,1,0,1.73
2025-06-02 21:00:00,1,0,1.73
2025-06-02 22:00:00,1,0,1.73
2025-06-02 23:00:00,1,0,1.73
2025-06-03 19:00:00,0,1,1.7333333333333334
2025-06-04 14:00:00,0,1,1.7366666666666666
2025-06-04 15:00:00,0,1,1.7366666666666666
2025-06-05 04:00:00,0,1,1.7366666666666666
2025-06-05 11:00:00,1,0,1.7366666666666666
2025-06-05 12:00:00,0,1,1.74
2025-06-05 13:00:00,0,1,1.74
2025-06-05 14:00:00,0,1,1.74
2025-06-05 15:00:00,0,1,1.74
2025-06-05 16:00:00,0,1,1.74
2025-06-05 17:00:00,0,1,1.74
2025-06-05 18:00:00,0,1,1.74
2025-06-06 01:00:00,1,0,1.74
2025-06-06 13:00:00,0,1,1.7433333333333332
2025-06-06 14:00:00,0,1,1.7433333333333332
2025-06-06 15:00:00,0,1,1.7433333333333332
2025-06-06 21:00:00,1,0,1.7433333333333332
2025-06-06 22:00:00,1,0,1.7433333333333332
2025-06-06 23:00:00,1,0,1.7433333333333332
2025-06-07 00:00:00,1,0,1.7433333333333332
2025-06-07 01:00:00,1,0,1.7433333333333332
2025-06-07 02:00:00,1,0,1.7433333333333332
2025-06-07 03:00:00,1,0,1.7433333333333332
2025-06-08 01:00:00,0,1,1.7466666666666666
2025-06-08 02:00:00,0,1,1.7466666666666666
2025-06-08 03:00:00,0,1,1.7466666666666666
2025-06-08 04:00:00,0,1,1.7466666666666666
2025-06-08 10:00:00,1,0,1.7466666666666666
2025-06-08 12:00:00,1,0,1.75
2025-06-08 13:00:00,1,0,1.75
2025-06-08 14:00:00,1,0,1.75
2025-06-08 21:00:00,0,1,1.75
2025-06-09 04:00:00,1,0,1.75
2025-06-09 05:00:00,1,0,1.75
2025-06-09 06:00:00,1,0,1.75
2025-06-09 07:00:00,1,0,1.75
2025-06-09 13:00:00,1,0,1.7533333333333334
2025-06-09 15:00:00,1,0,1.7533333333333334
2025-06-09 16:00:00,1,0,1.7533333333333334
2025-06-09 17:00:00,1,0,1.7533333333333334
2025-06-09 18:00:00,1,0,1.7533333333333334
2025-06-09 19:00:00,1,0,1.7533333333333334
2025-06-09 20:00:00,1,0,1.7533333333333334
2025-06-10 05:00:00,1,0,1.7533333333333334
2025-06-10 06:00:00,1,0,1.7533333333333334
2025-06-10 08:00:00,1,0,1.7533333333333334
2025-06-10 12:00:00,0,1,1.7566666666666666
2025-06-11 10:00:00,1,0,1.7566666666666666
2025-06-11 11:00:00,1,0,1.7566666666666666
2025-06-11 14:00:00,0,1,1.76
2025-06-11 15:00:00,0,1,1.76
2025-06-11 16:00:00,0,1,1.76
2025-06-11 17:00:00,0,1,1.76
2025-06-11 18:00:00,0,1,1.76
2025-06-11 19:00:00,0,1,1.76
2025-06-12 13:00:00,0,1,1.7633333333333332
2025-06-12 14:00:00,0,1,1.7633333333333332
2025-06-12 15:00:00,0,1,1.7633333333333332
2025-06-12 16:00:00,0,1,1.7633333333333332
2025-06-12 17:00:00,0,1,1.7633333333333332
2025-06-12 18:00:00,0,1,1.7633333333333332
2025-06-12 19:00:00,0,1,1.7633333333333332
2025-06-12 20:00:00,0,1,1.7633333333333332
2025-06-12 21:00:00,0,1,1.7633333333333332
2025-06-12 22:00:00,0,1,1.7633333333333332
2025-06-12 23:00:00,0,1,1.7633333333333332
2025-06-13 12:00:00,1,0,1.7666666666666666
2025-06-14 10:00:00,0,1,1.7666666666666666
2025-06-14 11:00:00,0,1,1.7666666666666666
2025-06-14 12:00:00,0,1,1.77
2025-06-14 13:00:00,0,1,1.77
2025-06-14 14:00:00,0,1,1.77
2025-06-15 09:00:00,1,0,1.77
2025-06-15 20:00:00,1,0,1.7733333333333334
2025-06-15 21:00:00,1,0,1.7733333333333334
2025-06-15 22:00:00,1,0,1.7733333333333334
2025-06-15 23:00:00,1,0,1.7733333333333334
2025-06-16 00:00:00,1,0,1.7733333333333334
2025-06-16 17:00:00,0,1,1.7766666666666666
2025-06-16 18:00:00,0,1,1.7766666666666666
2025-06-16 19:00:00,0,1,1.7766666666666666
2025-06-16 20:00:00,0,1,1.7766666666666666
2025-06-16 21:00:00,0,1,1.7766666666666666
2025-06-17 10:00:00,0,1,1.7766666666666666
2025-06-17 11:00:00,0,1,1.7766666666666666
2025-06-17 13:00:00,0,1,1.78
2025-06-17 14:00:00,0,1,1.78
2025-06-17 16:00:00,1,0,1.78
2025-06-17 17:00:00,1,0,1.78
2025-06-18 04:00:00,0,1,1.78
2025-06-18 05:00:00,0,1,1.78
2025-06-18 06:00:00,0,1,1.78
2025-06-18 07:00:00,0,1,1.78
2025-06-18 14:00:00,1,0,1.7833333333333332
2025-06-18 15:00:00,1,0,1.7833333333333332
2025-06-18 16:00:00,1,0,1.7833333333333332
2025-06-20 01:00:00,1,0,1.7866666666666666
2025-06-20 02:00:00,1,0,1.7866666666666666
2025-06-20 03:00:00,1,0,1.7866666666666666
2025-06-20 04:00:00,1,0,1.7866666666666666
2025-06-20 05:00:00,1,0,1.7866666666666666
2025-06-20 06:00:00,1,0,1.7866666666666666
2025-06-20 07:00:00,1,0,1.7866666666666666
2025-06-20 11:00:00,0,1,1.7866666666666666
2025-06-20 12:00:00,0,1,1.79
2025-06-20 13:00:00,0,1,1.79
2025-06-21 07:00:00,0,1,1.79
2025-06-21 08:00:00,0,1,1.79
2025-06-21 09:00:00,0,1,1.79
2025-06-21 10:00:00,0,1,1.79
2025-06-21 11:00:00,0,1,1.79
2025-06-21 12:00:00,0,1,1.7933333333333332
2025-06-21 15:00:00,0,1,1.7933333333333332
2025-06-21 16:00:00,0,1,1.7933333333333332
2025-06-22 07:00:00,0,1,1.7933333333333332
2025-06-22 19:00:00,1,0,1.7966666666666666
2025-06-22 21:00:00,1,0,1.7966666666666666
2025-06-23 08:00:00,1,0,1.7966666666666666
2025-06-23 09:00:00,1,0,1.7966666666666666
2025-06-23 10:00:00,1,0,1.7966666666666666
2025-06-23 11:00:00,1,0,1.7966666666666666
2025-06-23 12:00:00,0,0,1.8
2025-06-23 13:00:00,0,1,1.8
2025-06-23 14:00:00,1,0,1.8
2025-06-23 15:00:00,1,0,1.8
2025-06-23 16:00:00,1,0,1.8
2025-06-23 17:00:00,1,0,1.8
2025-06-23 18:00:00,1,0,1.8
2025-06-23 19:00:00,1,0,1.8
2025-06-25 03:00:00,0,1,1.8033333333333332
2025-06-25 11:00:00,0,1,1.8033333333333332
2025-06-25 12:00:00,0,1,1.8066666666666666
2025-06-25 13:00:00,0,1,1.8066666666666666
2025-06-26 06:00:00,0,1,1.8066666666666666
2025-06-26 07:00:00,0,1,1.8066666666666666
2025-06-26 08:00:00,0,1,1.8066666666666666
2025-06-28 03:00:00,1,0,1.8133333333333332
2025-06-28 04:00:00,1,0,1.8133333333333332
2025-06-28 05:00:00,1,0,1.8133333333333332
2025-06-28 06:00:00,1,0,1.8133333333333332
2025-06-28 07:00:00,1,0,1.8133333333333332
2025-06-28 08:00:00,1,0,1.8133333333333332
2025-06-28 12:00:00,1,0,1.8166666666666667
2025-06-28 13:00:00,1,0,1.8166666666666667
2025-06-28 14:00:00,1,0,1.8166666666666667
2025-06-28 15:00:00,1,0,1.8166666666666667
2025-06-29 16:00:00,1,0,1.82
2025-06-29 17:00:00,1,0,1.82
2025-06-29 18:00:00,1,0,1.82
2025-06-29 19:00:00,1,0,1.82
2025-06-29 20:00:00,1,0,1.82
2025-06-29 21:00:00,1,0,1.82
2025-06-30 01:00:00,1,0,1.82
2025-06-30 02:00:00,1,0,1.82
2025-06-30 03:00:00,1,0,1.82
2025-06-30 04:00:00,1,0,1.82
2025-06-30 07:00:00,0,1,1.82
2025-06-30 23:00:00,0,1,1.8233333333333333
2025-07-01 14:00:00,0,1,1.8266666666666667
2025-07-01 16:00:00,0,1,1.8266666666666667
2025-07-02 00:00:00,1,0,1.8266666666666667
2025-07-02 01:00:00,1,0,1.8266666666666667
2025-07-02 02:00:00,1,0,1.8266666666666667
2025-07-02 03:00:00,1,0,1.8266666666666667
2025-07-02 09:00:00,1,0,1.8266666666666667
2025-07-02 10:00:00,1,0,1.8266666666666667
2025-07-02 11:00:00,1,0,1.8266666666666667
2025-07-02 12:00:00,1,0,1.83
2025-07-02 13:00:00,1,0,1.83
2025-07-02 14:00:00,1,0,1.83
2025-07-02 15:00:00,1,0,1.83
2025-07-02 23:00:00,1,0,1.83
2025-07-03 00:00:00,1,0,1.83
2025-07-03 02:00:00,1,0,1.83
2025-07-03 03:00:00,1,0,1.83
2025-07-03 09:00:00,0,1,1.83
2025-07-04 00:00:00,0,1,1.8333333333333333
2025-07-04 01:00:00,0,1,1.8333333333333333
2025-07-04 02:00:00,0,1,1.8333333333333333
2025-07-04 03:00:00,0,1,1.8333333333333333
2025-07-04 10:00:00,0,1,1.8333333333333333
2025-07-04 11:00:00,0,1,1.8333333333333333
2025-07-04 12:00:00,0,1,1.8366666666666667
2025-07-05 01:00:00,1,0,1.8366666666666667
2025-07-05 02:00:00,1,0,1.8366666666666667
2025-07-05 04:00:00,1,0,1.8366666666666667
2025-07-05 12:00:00,0,1,1.8399999999999999
2025-07-06 09:00:00,1,0,1.8399999999999999
2025-07-06 10:00:00,1,0,1.8399999999999999
2025-07-06 11:00:00,1,0,1.8399999999999999
2025-07-07 08:00:00,0,1,1.8433333333333333
2025-07-07 09:00:00,0,1,1.8433333333333333
2025-07-07 10:00:00,0,1,1.8433333333333333
2025-07-07 11:00:00,0,1,1.8433333333333333
2025-07-07 12:00:00,0,1,1.8466666666666667
2025-07-07 13:00:00,0,1,1.8466666666666667
2025-07-08 06:00:00,1,0,1.8466666666666667
2025-07-08 07:00:00,1,0,1.8466666666666667
2025-07-08 08:00:00,1,0,1.8466666666666667
2025-07-08 09:00:00,1,0,1.8466666666666667
2025-07-08 11:00:00,1,0,1.8466666666666667
2025-07-08 14:00:00,1,0,1.85
2025-07-08 15:00:00,1,0,1.85
2025-07-08 16:00:00,1,0,1.85
2025-07-08 17:00:00,1,0,1.85
2025-07-08 19:00:00,0,1,1.85
2025-07-09 11:00:00,0,1,1.85
2025-07-09 12:00:00,0,1,1.8533333333333333
2025-07-09 13:00:00,0,0,1.8533333333333333
2025-07-09 14:00:00,1,0,1.8533333333333333
2025-07-09 15:00:00,1,0,1.8533333333333333
2025-07-09 16:00:00,1,0,1.8533333333333333
2025-07-09 17:00:00,1,0,1.8533333333333333
2025-07-09 18:00:00,1,0,1.8533333333333333
2025-07-10 09:00:00,1,0,1.8533333333333333
2025-07-10 10:00:00,1,0,1.8533333333333333
2025-07-10 11:00:00,1,0,1.8533333333333333
2025-07-10 12:00:00,1,0,1.8566666666666667
2025-07-10 13:00:00,1,0,1.8566666666666667
2025-07-10 14:00:00,1,0,1.8566666666666667
2025-07-10 15:00:00,1,0,1.8566666666666667
2025-07-10 16:00:00,1,0,1.8566666666666667
2025-07-10 17:00:00,1,0,1.8566666666666667
2025-07-10 18:00:00,1,0,1.8566666666666667
2025-07-10 19:00:00,1,0,1.8566666666666667
2025-07-10 20:00:00,1,0,1.8566666666666667
2025-07-11 16:00:00,0,1,1.86
2025-07-11 17:00:00,0,1,1.86
2025-07-11 18:00:00,0,1,1.86
2025-07-11 19:00:00,0,1,1.86
2025-07-13 06:00:00,1,0,1.8633333333333333
2025-07-13 07:00:00,1,0,1.8633333333333333
2025-07-13 08:00:00,1,0,1.8633333333333333
2025-07-13 09:00:00,1,0,1.8633333333333333
2025-07-13 10:00:00,1,0,1.8633333333333333
2025-07-13 22:00:00,1,0,1.8666666666666667
2025-07-13 23:00:00,1,0,1.8666666666666667
2025-07-14 00:00:00,1,0,1.8666666666666667
2025-07-14 01:00:00,1,0,1.8666666666666667
2025-07-14 02:00:00,1,0,1.8666666666666667
2025-07-14 03:00:00,1,0,1.8666666666666667
2025-07-14 04:00:00,0,1,1.8666666666666667
2025-07-14 22:00:00,0,1,1.87
2025-07-15 14:00:00,1,0,1.8733333333333333
2025-07-16 10:00:00,1,0,1.8733333333333333
2025-07-16 11:00:00,1,0,1.8733333333333333
2025-07-16 12:00:00,1,0,1.8766666666666667
2025-07-16 13:00:00,1,0,1.8766666666666667
2025-07-16 14:00:00,1,0,1.8766666666666667
2025-07-16 15:00:00,1,0,1.8766666666666667
2025-07-16 21:00:00,0,1,1.8766666666666667
2025-07-17 19:00:00,1,0,1.88
2025-07-17 20:00:00,1,0,1.88
2025-07-17 23:00:00,1,0,1.88
2025-07-18 06:00:00,0,1,1.88
2025-07-18 12:00:00,0,1,1.8833333333333333
2025-07-18 13:00:00,0,1,1.8833333333333333
2025-07-20 09:00:00,1,0,1.8866666666666667
2025-07-20 10:00:00,1,0,1.8866666666666667
2025-07-20 11:00:00,1,0,1.8866666666666667
2025-07-20 12:00:00,1,0,1.89
2025-07-20 13:00:00,1,0,1.89
2025-07-20 14:00:00,1,0,1.89
2025-07-20 15:00:00,1,0,1.89
2025-07-20 16:00:00,0,1,1.89
2025-07-20 21:00:00,0,1,1.89
2025-07-21 13:00:00,0,1,1.8933333333333333
2025-07-21 14:00:00,0,1,1.8933333333333333
2025-07-21 18:00:00,1,0,1.8933333333333333
2025-07-21 19:00:00,1,0,1.8933333333333333
2025-07-21 20:00:00,1,0,1.8933333333333333
2025-07-21 21:00:00,1,0,1.8933333333333333
2025-07-22 19:00:00,1,0,1.8966666666666667
2025-07-23 08:00:00,0,1,1.8966666666666667
2025-07-23 10:00:00,0,1,1.8966666666666667
2025-07-23 11:00:00,0,1,1.8966666666666667
2025-07-24 00:00:00,0,1,1.9
2025-07-24 01:00:00,0,1,1.9
2025-07-24 02:00:00,0,1,1.9
2025-07-24 03:00:00,0,1,1.9
2025-07-25 05:00:00,1,0,1.9033333333333333
2025-07-26 22:00:00,1,0,1.91
2025-07-26 23:00:00,1,0,1.91
2025-07-27 00:00:00,1,0,1.91
2025-07-27 14:00:00,1,0,1.9133333333333333
2025-07-28 08:00:00,0,1,1.9133333333333333
2025-07-28 09:00:00,0,1,1.9133333333333333
2025-07-28 10:00:00,0,1,1.9133333333333333
2025-07-28 11:00:00,0,1,1.9133333333333333
2025-07-28 12:00:00,0,1,1.9166666666666667
2025-07-28 16:00:00,0,1,1.9166666666666667
2025-07-29 08:00:00,0,1,1.9166666666666667
2025-07-29 09:00:00,0,1,1.9166666666666667
2025-07-29 11:00:00,0,1,1.9166666666666667
2025-07-29 12:00:00,0,1,1.92
2025-07-29 13:00:00,0,1,1.92
2025-07-30 05:00:00,0,1,1.92
2025-07-30 06:00:00,0,1,1.92
2025-07-30 07:00:00,0,1,1.92
2025-07-30 08:00:00,0,1,1.92
2025-07-30 10:00:00,1,0,1.92
2025-07-30 11:00:00,1,0,1.92
2025-07-30 12:00:00,1,0,1.9233333333333333
2025-07-30 13:00:00,1,0,1.9233333333333333
2025-07-31 08:00:00,0,1,1.9233333333333333
2025-07-31 09:00:00,0,1,1.9233333333333333
2025-07-31 10:00:00,0,1,1.9233333333333333
2025-07-31 11:00:00,0,1,1.9233333333333333
2025-07-31 12:00:00,0,1,1.9266666666666667
2025-07-31 16:00:00,0,1,1.9266666666666667
2025-07-31 17:00:00,0,1,1.9266666666666667
2025-07-31 18:00:00,0,1,1.9266666666666667
2025-07-31 19:00:00,0,1,1.9266666666666667
2025-07-31 20:00:00,0,1,1.9266666666666667
2025-08-02 12:00:00,0,1,1.9333333333333333
2025-08-02 13:00:00,0,1,1.9333333333333333
2025-08-03 19:00:00,1,0,1.9366666666666668
2025-08-03 20:00:00,1,0,1.9366666666666668
2025-08-03 23:00:00,1,0,1.9366666666666668
2025-08-04 11:00:00,1,0,1.9366666666666668
2025-08-04 16:00:00,0,1,1.94
2025-08-04 21:00:00,0,1,1.94
2025-08-04 22:00:00,0,1,1.94
2025-08-05 01:00:00,0,1,1.94
2025-08-05 02:00:00,0,1,1.94
2025-08-05 07:00:00,1,0,1.94
2025-08-05 09:00:00,0,1,1.94
2025-08-05 10:00:00,0,1,1.94
2025-08-05 11:00:00,0,1,1.94
2025-08-05 13:00:00,0,1,1.9433333333333334
2025-08-06 03:00:00,1,0,1.9433333333333334
2025-08-06 04:00:00,1,0,1.9433333333333334
2025-08-06 12:00:00,1,0,1.9466666666666668
2025-08-06 13:00:00,1,0,1.9466666666666668
2025-08-07 04:00:00,1,0,1.9466666666666668
2025-08-07 05:00:00,1,0,1.9466666666666668
2025-08-07 06:00:00,1,0,1.9466666666666668
2025-08-07 07:00:00,1,0,1.9466666666666668
2025-08-07 08:00:00,1,0,1.9466666666666668
2025-08-07 09:00:00,1,0,1.9466666666666668
2025-08-07 10:00:00,0,1,1.9466666666666668
2025-08-07 11:00:00,0,1,1.9466666666666668
2025-08-07 12:00:00,0,1,1.95
2025-08-07 13:00:00,0,1,1.95
2025-08-07 16:00:00,1,0,1.95
2025-08-07 17:00:00,1,0,1.95
2025-08-07 18:00:00,1,0,1.95
2025-08-08 12:00:00,1,0,1.9533333333333334
2025-08-08 23:00:00,1,0,1.9533333333333334
2025-08-09 00:00:00,1,0,1.9533333333333334
2025-08-09 01:00:00,1,0,1.9533333333333334
2025-08-09 02:00:00,1,0,1.9533333333333334
2025-08-09 03:00:00,1,0,1.9533333333333334
2025-08-09 04:00:00,1,0,1.9533333333333334
2025-08-09 05:00:00,1,0,1.9533333333333334
2025-08-09 06:00:00,1,0,1.9533333333333334
2025-08-09 07:00:00,1,0,1.9533333333333334
2025-08-10 01:00:00,0,1,1.9566666666666666
2025-08-10 03:00:00,0,1,1.9566666666666666
2025-08-10 04:00:00,0,1,1.9566666666666666
2025-08-10 05:00:00,0,1,1.9566666666666666
2025-08-10 10:00:00,1,0,1.9566666666666666
2025-08-10 11:00:00,1,0,1.9566666666666666
2025-08-10 12:00:00,1,0,1.96
2025-08-10 13:00:00,1,0,1.96
2025-08-11 05:00:00,0,1,1.96
2025-08-11 06:00:00,0,1,1.96
2025-08-11 08:00:00,0,1,1.96
2025-08-11 09:00:00,0,1,1.96
2025-08-11 15:00:00,0,1,1.9633333333333334
2025-08-11 16:00:00,0,1,1.9633333333333334
2025-08-12 08:00:00,1,0,1.9633333333333334
2025-08-12 09:00:00,1,0,1.9633333333333334
2025-08-12 10:00:00,1,0,1.9633333333333334
2025-08-12 11:00:00,1,0,1.9633333333333334
2025-08-12 12:00:00,1,0,1.9666666666666666
2025-08-12 13:00:00,1,0,1.9666666666666666
2025-08-12 14:00:00,1,0,1.9666666666666666
2025-08-14 02:00:00,0,1,1.97
2025-08-14 03:00:00,0,1,1.97
2025-08-14 04:00:00,0,1,1.97
2025-08-14 05:00:00,0,1,1.97
2025-08-14 06:00:00,0,1,1.97
2025-08-14 07:00:00,0,1,1.97
2025-08-14 08:00:00,0,1,1.97
2025-08-14 09:00:00,0,1,1.97
2025-08-14 10:00:00,0,1,1.97
2025-08-14 11:00:00,0,1,1.97
2025-08-15 09:00:00,0,1,1.9733333333333334
2025-08-15 10:00:00,0,1,1.9733333333333334
2025-08-15 11:00:00,0,1,1.9733333333333334
2025-08-15 12:00:00,0,1,1.9766666666666666
2025-08-17 12:00:00,1,0,1.9833333333333334
2025-08-17 15:00:00,0,1,1.9833333333333334
2025-08-17 18:00:00,1,0,1.9833333333333334
2025-08-17 19:00:00,1,0,1.9833333333333334
2025-08-17 22:00:00,0,1,1.9833333333333334
2025-08-17 23:00:00,0,1,1.9833333333333334
2025-08-18 00:00:00,0,1,1.9833333333333334
2025-08-18 21:00:00,0,1,1.9866666666666666
2025-08-19 00:00:00,0,1,1.9866666666666666
2025-08-19 10:00:00,0,1,1.9866666666666666
2025-08-19 11:00:00,0,1,1.9866666666666666
2025-08-19 12:00:00,0,1,1.99
2025-08-19 13:00:00,0,1,1.99
2025-08-20 08:00:00,0,1,1.99
2025-08-20 09:00:00,0,1,1.99
2025-08-20 10:00:00,0,1,1.99
2025-08-20 13:00:00,1,0,1.9933333333333334
2025-08-20 14:00:00,1,0,1.9933333333333334
2025-08-22 06:00:00,0,1,1.9966666666666666
2025-08-22 07:00:00,0,1,1.9966666666666666
2025-08-22 11:00:00,1,0,1.9966666666666666
2025-08-22 12:00:00,1,0,2.0
2025-08-22 13:00:00,1,0,2.0
2025-08-22 14:00:00,1,0,2.0
2025-08-22 15:00:00,1,0,2.0
2025-08-23 02:00:00,1,0,2.0
2025-08-23 03:00:00,1,0,2.0
